,City,Cloudiness,Country,Date,Humidity,Lat,Lng,Max Temp,Wind Speed
0,constitucion,30,CL,1583762287,37,-35.33,-72.42,72.21,8.34
1,hermanus,100,ZA,1583762287,84,-34.42,19.23,77.0,8.01
2,atuona,15,PF,1583762288,63,-9.8,-139.03,81.03,11.72
3,sangar,100,RU,1583762288,86,63.92,127.47,-8.97,12.91
4,broken hill,60,AU,1583762288,33,-31.95,141.43,71.6,9.17
5,college,90,US,1583762288,91,64.86,-147.8,5.0,2.66
6,cabo san lucas,90,MX,1583762207,68,22.89,-109.91,70.0,4.7
7,vittoria,40,IT,1583762289,67,36.95,14.53,62.01,14.99
8,santa cruz del sur,10,CU,1583762289,71,20.71,-78.0,75.27,26.64
9,kudahuvadhoo,9,MV,1583762289,68,2.67,72.89,84.09,9.8
10,yulara,0,AU,1583762290,17,-25.24,130.99,86.0,12.75
11,ushuaia,75,AR,1583762290,76,-54.8,-68.3,50.0,5.82
12,rikitea,43,PF,1583762290,82,-23.12,-134.97,78.15,12.93
13,oistins,40,BB,1583762290,62,13.07,-59.53,84.2,19.46
14,pevek,100,RU,1583762291,87,69.7,170.31,-9.87,8.86
15,barrow,90,US,1583762291,68,71.29,-156.79,-18.4,6.46
16,garden city,1,US,1583762291,66,42.33,-83.33,55.0,12.75
17,upington,20,ZA,1583762291,16,-28.45,21.26,96.8,5.82
18,finnsnes,75,NO,1583762292,75,69.23,17.98,41.0,20.8
19,porto novo,40,BJ,1583762292,70,6.5,2.6,89.6,12.75
20,khatanga,99,RU,1583762292,98,71.97,102.5,-26.79,4.76
21,saskylakh,0,RU,1583762292,100,71.92,114.08,-33.09,2.01
22,alofi,90,NU,1583762292,100,-19.06,-169.92,77.0,1.12
23,port alfred,93,ZA,1583762293,94,-33.59,26.89,68.0,3.0
24,norman wells,75,CA,1583762293,75,65.28,-126.83,-20.2,4.7
25,mataura,100,NZ,1583762293,96,-46.19,168.86,57.0,4.0
26,saldanha,57,ZA,1583762293,74,-33.01,17.94,80.6,23.04
27,mao,75,ES,1583762294,87,39.89,4.27,51.8,9.17
28,llata,75,PE,1583762142,70,-9.42,-76.78,48.81,3.42
29,butaritari,100,KI,1583762294,79,3.07,172.79,84.27,16.53
30,dikson,89,RU,1583762294,95,73.51,80.55,-15.09,15.39
31,fuling,100,CN,1583762294,89,29.7,107.39,49.53,1.88
32,bathsheba,40,BB,1583762295,62,13.22,-59.52,84.2,19.46
33,acapulco,5,MX,1583762076,83,16.86,-99.89,75.2,4.7
34,komsomolskiy,99,UZ,1583762295,57,40.43,71.72,50.0,2.24
35,punta arenas,99,CL,1583762295,76,-53.15,-70.92,50.0,8.05
36,cape town,20,ZA,1583762295,57,-33.93,18.42,77.0,24.16
37,jamestown,20,US,1583762296,39,42.1,-79.24,55.0,12.75
38,pedernales,75,DO,1583762296,88,18.04,-71.74,73.4,4.7
39,albany,1,US,1583762162,31,42.6,-73.97,55.99,9.17
40,busselton,0,AU,1583762296,38,-33.65,115.33,70.0,10.45
41,puerto ayora,40,EC,1583762297,83,-0.74,-90.35,81.0,8.05
42,lata,20,PT,1583762297,55,40.16,-8.33,63.0,14.99
43,iqaluit,90,CA,1583762297,68,63.75,-68.51,-20.2,27.51
44,naze,75,JP,1583762297,88,28.37,129.48,71.6,16.11
45,walvis bay,0,NA,1583762298,85,-22.96,14.51,66.99,5.01
46,tilichiki,13,RU,1583762298,91,60.47,166.1,-2.67,4.43
47,san jose,1,US,1583762102,76,37.34,-121.89,50.0,1.14
48,nuuk,75,GL,1583762298,57,64.18,-51.72,23.0,3.36
49,savannah bight,5,HN,1583762299,78,16.45,-85.85,78.69,17.98
50,hobyo,0,SO,1583762299,71,5.35,48.53,78.33,16.84
51,sao filipe,0,CV,1583762299,75,14.9,-24.5,73.11,18.03
52,kodiak,75,US,1583762194,74,57.79,-152.41,28.4,4.7
53,innisfail,100,AU,1583762300,94,-17.53,146.03,75.81,3.29
54,anloga,20,GH,1583762300,55,5.79,0.9,91.4,16.11
55,pisco,0,PE,1583762300,30,-13.7,-76.22,73.99,3.36
56,thompson,90,CA,1583762301,76,55.74,-97.86,-9.4,3.36
57,upernavik,100,GL,1583762301,95,72.79,-56.15,-17.43,12.41
58,salalah,34,OM,1583762301,57,17.02,54.09,78.8,6.93
59,pimenteiras,56,BR,1583762301,70,-6.25,-41.42,83.91,4.25
60,lompoc,90,US,1583762199,57,34.64,-120.46,54.0,6.93
61,ponta do sol,20,PT,1583762302,59,32.67,-17.1,66.99,19.46
62,san buenaventura,100,MX,1583762302,68,27.08,-101.53,64.0,1.99
63,wilmington,1,US,1583762302,71,34.23,-77.94,57.0,5.21
64,hasaki,75,JP,1583762302,100,35.73,140.83,55.4,10.29
65,damghan,0,IR,1583762303,30,36.17,54.35,52.23,9.86
66,caravelas,87,BR,1583762303,78,-17.71,-39.25,80.13,12.86
67,plettenberg bay,100,ZA,1583762303,95,-34.05,23.37,64.65,14.36
68,jumla,0,NP,1583762303,60,29.27,82.18,34.77,6.44
69,nome,1,US,1583762180,82,64.5,-165.41,-23.8,3.36
70,kalabo,93,ZM,1583762304,68,-14.97,22.68,78.33,6.31
71,anori,67,BR,1583762304,52,-3.77,-61.64,92.19,3.62
72,san cristobal,75,VE,1583762304,88,7.77,-72.22,75.2,2.24
73,hobart,0,AU,1583762212,44,-42.88,147.33,46.99,1.01
74,bengkulu,95,ID,1583762305,92,-3.8,102.27,75.81,1.86
75,isla mujeres,75,MX,1583762305,69,21.23,-86.73,75.2,13.87
76,mount isa,3,AU,1583762305,32,-20.73,139.5,80.6,10.29
77,candido de abreu,0,BR,1583762305,48,-24.57,-51.33,83.73,1.88
78,kieta,83,PG,1583762306,82,-6.22,155.63,80.49,2.19
79,kuusamo,90,FI,1583762306,100,65.97,29.18,35.6,14.99
80,bredasdorp,100,ZA,1583762306,56,-34.53,20.04,69.8,12.75
81,mackay,90,AU,1583762306,94,-21.15,149.2,79.0,4.7
82,fairbanks,90,US,1583762299,91,64.84,-147.72,5.0,1.81
83,puerto del rosario,0,ES,1583762306,61,28.5,-13.86,77.0,11.41
84,los llanos de aridane,0,ES,1583762307,64,28.66,-17.92,77.0,11.41
85,chuy,37,UY,1583762307,38,-33.7,-53.46,91.29,0.65
86,inhambane,40,MZ,1583762308,62,-23.86,35.38,86.0,6.93
87,christchurch,61,NZ,1583762308,67,-43.53,172.63,62.01,13.87
88,new norfolk,0,AU,1583762308,80,-42.78,147.06,46.99,2.06
89,dakoro,0,NE,1583762308,5,14.51,6.76,100.11,6.55
90,lebu,7,CL,1583762309,40,-37.62,-73.65,70.95,5.93
91,marawi,16,PH,1583762309,83,8.0,124.29,78.01,3.0
92,carnarvon,0,AU,1583762309,83,-24.87,113.63,77.0,17.22
93,flinders,88,AU,1583762310,77,-34.58,150.86,64.0,8.05
94,havre-saint-pierre,1,CA,1583762310,40,50.23,-63.6,-4.0,11.41
95,havelock,1,US,1583762084,80,34.88,-76.9,55.0,3.36
96,saint-prosper,90,CA,1583762311,85,46.21,-70.48,28.99,4.0
97,adrar,100,MR,1583762311,7,20.5,-10.07,88.41,16.44
98,trincomalee,67,LK,1583762244,86,8.57,81.23,72.93,3.06
99,severo-kurilsk,100,RU,1583762311,98,50.68,156.12,29.37,5.1
100,san carlos de bariloche,79,AR,1583762154,57,-41.15,-71.31,51.8,1.39
101,cherskiy,100,RU,1583762312,99,68.75,161.3,-11.31,4.25
102,hithadhoo,93,MV,1583762312,74,-0.6,73.08,84.09,14.97
103,cockburn town,50,TC,1583762312,68,21.46,-71.14,73.47,31.54
104,ilulissat,75,GL,1583762312,46,69.22,-51.1,6.8,4.7
105,ituporanga,12,BR,1583762313,82,-27.41,-49.6,82.99,8.99
106,pacasmayo,11,PE,1583762313,62,-7.4,-79.57,80.49,10.49
107,bardiyah,0,LY,1583762313,64,31.76,25.09,60.33,21.99
108,ostrovnoy,100,RU,1583762313,89,68.05,39.51,35.85,32.91
109,birao,0,CF,1583762313,7,10.28,22.79,104.79,8.84
110,tuktoyaktuk,40,CA,1583762314,74,69.45,-133.04,-25.6,2.24
111,georgetown,20,MY,1583762141,74,5.41,100.34,86.0,2.24
112,yumen,0,CN,1583762315,32,40.28,97.2,26.49,15.84
113,port-gentil,40,GA,1583762315,70,-0.72,8.78,89.6,10.29
114,kapaa,75,US,1583762315,60,22.08,-159.32,71.6,10.29
115,snezhnogorsk,75,RU,1583762316,86,69.19,33.25,37.4,17.9
116,morro da fumaca,0,BR,1583762316,28,-28.65,-49.21,94.17,2.33
117,castro,2,BR,1583762316,37,-24.79,-50.01,78.69,3.42
118,new kensington,1,US,1583762316,32,40.57,-79.76,55.0,11.41
119,moose factory,40,CA,1583762317,64,51.26,-80.61,-2.2,16.11
120,kahului,20,US,1583762177,68,20.89,-156.47,69.8,8.05
121,kaitangata,100,NZ,1583762317,92,-46.28,169.85,57.99,3.0
122,vaini,75,TO,1583762317,88,-21.2,-175.2,77.0,4.7
123,yellowknife,20,CA,1583762317,75,62.46,-114.35,-9.99,4.7
124,fort nelson,90,CA,1583762318,72,58.81,-122.7,12.2,6.93
125,port elizabeth,90,ZA,1583762318,100,-33.92,25.57,66.2,6.93
126,sambava,100,MG,1583762318,96,-14.27,50.17,76.17,0.85
127,topeka,90,US,1583762262,87,39.05,-95.68,52.0,10.29
128,arraial do cabo,40,BR,1583762072,65,-22.97,-42.03,82.4,10.29
129,esmeraldas,75,BR,1583762319,69,-19.76,-44.31,73.4,4.7
130,pacific grove,1,US,1583762296,87,36.62,-121.92,50.0,9.57
131,avarua,98,CK,1583762083,88,-21.21,-159.78,78.8,4.7
132,meppel,75,NL,1583762319,75,52.7,6.19,51.01,11.41
133,qeshm,20,IR,1583762320,38,26.96,56.27,77.0,9.17
134,victoria,40,HK,1583762105,78,22.29,114.16,78.8,11.41
135,jardim do serido,100,BR,1583762320,48,-6.58,-36.77,89.67,6.15
136,les cayes,31,HT,1583762320,68,18.2,-73.75,77.79,6.38
137,le port,59,RE,1583762289,88,-20.94,55.29,80.6,21.92
138,okhotsk,0,RU,1583762321,84,59.38,143.3,-3.75,5.86
139,otradnoye,2,RU,1583762321,49,59.78,30.82,46.4,11.18
140,touros,75,BR,1583762053,66,-5.2,-35.46,86.0,5.82
141,huambo,75,AO,1583762321,42,-12.78,15.74,82.4,5.82
142,lerwick,40,GB,1583762322,81,60.15,-1.15,46.4,12.75
143,husavik,40,IS,1583762322,53,66.04,-17.34,23.0,3.36
144,beringovskiy,0,RU,1583762322,97,63.05,179.32,-11.49,3.15
145,kundiawa,100,PG,1583762322,99,-6.02,144.97,56.55,1.52
146,verkhnevilyuysk,100,RU,1583762323,97,63.45,120.32,-5.19,5.77
147,kingaroy,90,AU,1583762323,100,-26.53,151.83,63.0,10.29
148,fortuna,20,US,1583762238,100,40.6,-124.16,43.0,8.05
149,port blair,0,IN,1583762323,69,11.67,92.75,81.03,10.47
150,tuatapere,100,NZ,1583762323,96,-46.13,167.68,57.0,4.0
151,trelew,0,AR,1583762192,23,-43.25,-65.31,74.73,17.43
152,marsh harbour,100,BS,1583762324,67,26.54,-77.06,68.25,26.66
153,sabzevar,0,IR,1583762324,41,36.21,57.68,46.29,3.09
154,san isidro,0,PE,1583762324,83,-12.12,-77.05,73.4,11.41
155,qaanaaq,0,GL,1583762325,73,77.48,-69.36,-27.15,5.3
156,spornoye,100,RU,1583762325,59,50.84,37.29,60.8,4.47
157,saint anthony,90,US,1583762325,69,45.02,-93.22,36.0,12.75
158,atar,0,MR,1583762325,6,20.52,-13.05,95.07,14.61
159,aklavik,90,CA,1583762042,83,68.22,-135.01,-13.0,4.7
160,biloela,30,AU,1583762326,85,-24.42,150.5,70.05,14.12
161,morgan city,90,US,1583762326,82,29.7,-91.21,66.2,6.93
162,bowen,100,AU,1583762326,94,-20.02,148.23,78.01,3.36
163,saint-philippe,90,RE,1583762326,78,-21.36,55.77,80.6,29.97
164,ixtapa,75,MX,1583762326,94,20.7,-105.2,70.0,2.24
165,tadine,68,NC,1583762327,87,-21.55,167.88,76.17,9.4
166,souillac,90,MU,1583762327,88,-20.52,57.52,79.0,14.99
167,takoradi,77,GH,1583762327,57,4.88,-1.76,90.75,7.72
168,lasa,90,IT,1583762327,85,46.62,10.7,50.0,3.36
169,goldsboro,1,US,1583762327,66,35.38,-77.99,55.99,10.04
170,boa vista,20,BR,1583762116,45,2.82,-60.67,87.8,20.8
171,monroe,1,US,1583762328,32,43.15,-77.68,60.01,9.17
172,codrington,23,AU,1583762328,78,-38.27,141.97,58.53,18.37
173,taiyuan,33,CN,1583762328,27,37.87,112.56,41.0,17.9
174,alyangula,100,AU,1583762329,100,-13.85,136.42,78.8,4.05
175,daryapur,40,IN,1583762329,44,20.93,77.33,78.33,3.74
176,east london,20,ZA,1583762165,78,-33.02,27.91,71.6,13.87
177,zimovniki,40,RU,1583762329,58,47.15,42.46,57.09,11.41
178,thaba nchu,40,ZA,1583762330,30,-29.21,26.84,84.2,8.05
179,longyearbyen,20,SJ,1583762300,53,78.22,15.64,-2.2,14.99
180,kavieng,100,PG,1583762330,79,-2.57,150.8,83.19,11.34
181,kuruman,28,ZA,1583762330,29,-27.45,23.43,89.01,4.16
182,oskarshamn,90,SE,1583762331,100,57.26,16.45,46.0,9.17
183,biak,100,ID,1583762331,78,-0.91,122.88,82.65,7.14
184,bethel,1,US,1583762331,36,41.37,-73.41,57.0,5.82
185,mahebourg,90,MU,1583762331,88,-20.41,57.7,79.0,14.99
186,tual,76,ID,1583762331,80,-5.67,132.75,82.47,10.94
187,ta khmau,20,KH,1583762326,66,11.48,104.95,87.8,10.29
188,baykit,100,RU,1583762332,95,61.67,96.37,4.35,5.03
189,quelimane,75,MZ,1583762332,65,-17.88,36.89,78.8,9.17
190,honiara,75,SB,1583762290,94,-9.43,159.95,78.8,2.33
191,soverato,40,IT,1583762333,58,38.69,16.55,53.6,8.05
192,makakilo city,90,US,1583762333,77,21.35,-158.09,71.6,5.82
193,sao joao da barra,20,BR,1583762333,58,-21.64,-41.05,82.4,3.36
194,muros,40,ES,1583762333,62,42.78,-9.06,62.01,4.7
195,troitskoye,100,RU,1583762333,90,52.98,84.68,23.07,18.95
196,mlonggo,40,ID,1583762334,88,-6.53,110.7,80.6,3.36
197,salaga,5,GH,1583762334,26,8.55,-0.52,103.53,4.52
198,nioro,100,GM,1583762334,6,13.35,-15.75,105.33,8.03
199,puerto boyaca,69,CO,1583762334,76,5.98,-74.59,84.45,1.14
200,sabha,0,LY,1583762334,18,27.04,14.43,65.19,7.18
201,ribeira grande,75,PT,1583762335,88,38.52,-28.7,66.2,10.29
202,thinadhoo,100,MV,1583762335,71,0.53,72.93,84.45,12.53
203,nanortalik,100,GL,1583762335,83,60.14,-45.24,26.85,5.08
204,gravatai,0,BR,1583762056,51,-29.94,-50.99,91.0,8.05
205,torbay,75,CA,1583762285,79,47.67,-52.73,26.01,24.16
206,avera,75,US,1583762336,87,33.19,-82.53,53.6,7.72
207,esna,40,EG,1583762336,25,25.29,32.55,84.2,4.7
208,jalu,0,LY,1583762336,35,29.03,21.55,67.71,16.91
209,ola,100,RU,1583762336,94,59.58,151.28,11.19,6.24
210,alibag,20,IN,1583762337,69,18.64,72.88,78.8,8.05
211,hilo,90,US,1583762307,73,19.73,-155.09,69.8,6.89
212,cidreira,0,BR,1583762337,75,-30.18,-50.21,73.29,7.02
213,tasiilaq,100,GL,1583762337,66,65.61,-37.64,15.8,26.4
214,westport,1,US,1583762232,52,41.14,-73.36,55.0,6.93
215,greenwood,1,US,1583762338,70,34.17,-82.12,48.0,4.5
216,puerto carreno,7,CO,1583762089,51,6.19,-67.49,86.0,12.75
217,saint george,1,US,1583762338,51,37.1,-113.58,46.99,5.82
218,dzilam gonzalez,33,MX,1583762338,75,21.28,-88.93,72.75,16.46
219,feijo,2,BR,1583762339,55,-8.16,-70.35,90.57,2.91
220,san vicente,0,AR,1583762339,26,-26.62,-54.13,93.09,1.72
221,geraldton,0,AU,1583762339,78,-28.77,114.6,75.2,8.05
222,mezen,100,RU,1583762339,81,65.85,44.24,32.97,17.72
223,nikolskoye,69,RU,1583762339,49,59.7,30.79,46.4,11.18
224,ust-ishim,99,RU,1583762340,92,57.69,71.17,29.55,8.66
225,kamaishi,99,JP,1583762340,97,39.27,141.88,50.25,5.48
226,umm lajj,0,SA,1583762340,33,25.02,37.27,76.53,5.99
227,villa union,90,MX,1583762340,93,23.2,-106.23,71.01,3.36
228,abu dhabi,20,AE,1583762340,57,24.47,54.37,75.2,13.87
229,tessalit,74,ML,1583762341,4,20.2,1.01,89.85,13.47
230,ancud,0,CL,1583762341,81,-41.87,-73.82,53.6,9.17
231,san policarpo,0,PH,1583762341,80,12.18,125.51,78.51,4.59
232,luderitz,0,NA,1583762341,51,-26.65,15.16,80.6,25.28
233,asfi,0,MA,1583762342,29,32.3,-9.24,76.53,15.73
234,concordia,0,AR,1583762342,61,-31.39,-58.02,82.4,6.71
235,comodoro rivadavia,20,AR,1583762342,72,-45.87,-67.5,62.6,10.29
236,auki,100,SB,1583762342,75,-8.77,160.7,84.27,12.24
237,sola,0,VU,1583762343,75,-13.88,167.55,84.63,10.76
238,kaseda,75,JP,1583762343,93,31.42,130.32,57.2,14.99
239,yakima,1,US,1583762343,86,46.47,-120.67,30.0,3.36
240,normandin,90,CA,1583762343,78,48.83,-72.53,18.0,10.29
241,provideniya,16,RU,1583762344,100,64.38,-173.3,-11.49,0.85
242,airai,100,TL,1583762344,97,-8.93,125.41,66.99,1.07
243,asyut,0,EG,1583762344,25,27.18,31.18,87.8,13.87
244,alice springs,0,AU,1583762063,46,-23.7,133.88,69.8,4.7
245,general roca,100,AR,1583762345,40,-39.03,-67.58,68.0,6.93
246,mar del plata,40,AR,1583762174,64,-38.0,-57.56,68.0,9.17
247,phan thiet,11,VN,1583762100,95,10.93,108.1,75.09,1.5
248,port hedland,0,AU,1583762345,79,-20.32,118.57,86.0,8.05
249,shelburne,1,CA,1583762346,43,44.08,-80.2,52.0,9.17
250,pringsewu,100,ID,1583762346,92,-5.36,104.97,72.57,2.17
251,new smyrna beach,90,US,1583762346,72,29.03,-80.93,69.01,9.17
252,cabedelo,40,BR,1583762346,62,-6.98,-34.83,87.8,13.87
253,kununurra,0,AU,1583762346,88,-15.77,128.73,75.2,2.15
254,townsville,100,AU,1583762347,83,-19.25,146.8,82.4,5.82
255,rayagada,75,IN,1583762285,69,19.17,83.42,75.81,3.47
256,batagay-alyta,100,RU,1583762347,100,67.8,130.41,-30.93,1.77
257,zavitinsk,44,RU,1583762347,85,50.12,129.45,3.99,5.19
258,northam,75,GB,1583762348,76,51.03,-4.22,48.99,9.17
259,turbat,0,PK,1583762348,48,26.0,63.04,71.13,13.29
260,lobito,20,AO,1583762348,66,-12.35,13.55,86.0,9.17
261,lagoa,100,PT,1583762348,88,39.05,-27.98,63.03,17.81
262,anderson,1,US,1583762348,61,34.53,-82.65,46.4,5.06
263,bilma,0,NE,1583762349,5,18.69,12.92,94.17,11.52
264,bandarbeyla,0,SO,1583762349,71,9.49,50.81,78.15,16.84
265,san nicolas,0,PH,1583762349,80,18.17,120.6,78.33,2.95
266,minna,2,NG,1583762350,12,9.61,6.56,108.03,2.42
267,nyzy,99,UA,1583762350,75,50.78,34.78,55.47,4.23
268,hambantota,20,LK,1583762350,78,6.12,81.12,82.4,5.82
269,bomet,100,KE,1583762351,91,-0.78,35.34,63.03,4.65
270,palmer,40,US,1583762351,48,42.16,-72.33,59.0,9.17
271,bairiki,75,KI,1583762083,83,1.33,172.98,82.4,4.7
272,alamosa,75,US,1583762351,85,37.47,-105.87,24.8,3.36
273,tutoia,27,BR,1583762351,70,-2.76,-42.27,86.61,6.35
274,taoudenni,100,ML,1583762352,8,22.68,-3.98,82.83,18.14
275,coahuayana,75,MX,1583762352,73,18.73,-103.68,71.6,11.41
276,beboto,0,TD,1583762352,7,8.27,16.94,107.67,4.56
277,premnitz,40,DE,1583762353,81,52.53,12.33,55.0,6.93
278,hamilton,1,US,1583762335,46,39.18,-84.53,53.01,9.17
279,harper,95,LR,1583762353,79,4.38,-7.72,84.81,6.93
280,bow island,75,CA,1583762354,92,49.87,-111.37,19.0,3.36
281,beloha,49,MG,1583762354,64,-25.17,45.05,80.85,19.6
282,riyadh,0,SA,1583762354,23,24.69,46.72,75.2,13.87
283,marquette,91,US,1583762354,80,46.53,-87.63,33.01,8.99
284,chokurdakh,100,RU,1583762355,97,70.63,147.92,-27.87,5.57
285,swan river,0,CA,1583762355,91,52.11,-101.27,-5.19,8.79
286,tanout,0,NE,1583762355,4,14.97,8.89,97.41,8.32
287,bela,0,IN,1583762355,28,25.93,81.98,69.51,5.95
288,assiniboia,100,CA,1583762075,77,49.63,-105.98,21.09,2.62
289,kruisfontein,100,ZA,1583762356,83,-34.0,24.73,66.81,14.74
290,prince rupert,75,CA,1583762356,74,54.32,-130.32,37.4,13.87
291,san javier,93,ES,1583762356,28,37.81,-0.84,73.0,16.11
292,salekhard,100,RU,1583762356,92,66.53,66.6,18.21,6.91
293,meulaboh,100,ID,1583762357,70,4.14,96.13,85.35,6.24
294,kattivakkam,20,IN,1583762357,66,13.22,80.32,84.2,9.17
295,kupang,20,ID,1583762334,94,-10.17,123.58,77.0,3.36
296,batagay,93,RU,1583762357,96,67.63,134.63,-20.31,2.55
297,kharhial,42,IN,1583762357,43,20.28,82.77,80.49,4.97
298,kantunilkin,75,MX,1583762358,69,21.09,-87.45,75.2,13.87
299,kavaratti,0,IN,1583762358,67,10.57,72.64,82.83,6.91
300,banda aceh,96,ID,1583762358,83,5.56,95.32,78.33,0.69
301,olinda,75,BR,1583762358,66,-8.01,-34.86,87.8,9.17
302,sabang,100,ID,1583762358,72,5.89,95.32,83.19,6.89
303,smidovich,0,RU,1583762359,75,48.6,133.82,8.67,7.56
304,bambous virieux,90,MU,1583762359,88,-20.34,57.76,78.8,14.99
305,janossomorja,100,HU,1583762359,53,47.79,17.14,54.0,2.24
306,tinskoy,100,RU,1583762359,94,56.15,96.92,24.33,9.48
307,vila velha,40,BR,1583762152,61,-20.33,-40.29,82.4,9.17
308,rocha,42,UY,1583762360,62,-34.48,-54.33,79.41,10.36
309,moryakovskiy zaton,90,RU,1583762360,92,56.7,84.65,25.0,17.9
310,ca mau,57,VN,1583762145,89,9.18,105.15,75.45,3.6
311,magdalena,40,PH,1583762360,74,14.2,121.43,84.2,6.93
312,novikovo,97,RU,1583762361,72,51.15,37.89,55.47,5.48
313,rapid valley,90,US,1583762361,92,44.06,-103.15,30.0,7.2
314,tornio,90,FI,1583762361,100,65.85,24.15,33.8,18.34
315,maniitsoq,97,GL,1583762361,50,65.42,-52.9,29.55,14.79
316,gushikawa,75,JP,1583762362,94,26.35,127.87,75.2,17.22
317,kaili,100,ID,1583762362,92,-3.46,120.21,63.03,0.51
318,kulhudhuffushi,0,MV,1583762363,66,6.62,73.07,83.55,8.61
319,poronaysk,86,RU,1583762363,85,49.22,143.12,22.89,4.88
320,margate,40,GB,1583762363,61,51.38,1.39,53.01,14.99
321,la asuncion,100,VE,1583762097,88,11.03,-63.86,77.0,10.29
322,lorengau,100,PG,1583762363,77,-2.02,147.27,83.55,12.17
323,mashhad,0,IR,1583762364,31,36.3,59.61,46.4,16.11
324,zarubino,100,RU,1583762364,73,42.63,131.09,34.77,15.14
325,san andres,40,CO,1583762294,78,12.58,-81.7,80.6,13.87
326,bubaque,100,GW,1583762364,59,11.28,-15.83,81.21,7.14
327,la rioja,75,ES,1583762364,58,42.25,-2.5,55.4,14.99
328,bagan,100,RU,1583762365,95,54.1,77.66,26.31,16.84
329,lingao,66,CN,1583762365,89,19.91,109.69,72.93,11.12
330,verkhnyaya inta,100,RU,1583762366,79,65.98,60.31,26.31,18.54
331,grand gaube,90,MU,1583762366,88,-20.01,57.66,78.8,14.99
332,anadyr,53,RU,1583762366,75,64.75,177.48,-14.8,4.47
333,bajina basta,75,RS,1583762366,70,43.97,19.57,37.4,3.36
334,sitka,90,US,1583762366,86,57.05,-135.33,41.0,14.99
335,tiksi,100,RU,1583762367,93,71.69,128.87,-25.17,3.22
336,kaitong,45,CN,1583762367,62,44.81,123.15,24.51,6.4
337,esperance,0,AU,1583762367,72,-33.87,121.9,62.6,10.29
338,coracora,10,PE,1583762367,73,-15.03,-73.78,57.09,8.48
339,santa cruz,75,BO,1583762226,66,-17.8,-63.17,86.0,13.87
340,palmas bellas,20,PA,1583762368,69,9.23,-80.09,80.6,13.87
341,richards bay,100,ZA,1583762368,76,-28.78,32.04,79.41,13.78
342,sidi ali,69,DZ,1583762368,55,36.1,0.42,63.93,14.45
343,ha tinh,0,VN,1583762369,73,18.33,105.9,77.61,13.27
344,tarauaca,38,BR,1583762369,53,-8.16,-70.77,90.39,2.89
345,laguna,1,US,1583762369,81,38.42,-121.42,51.01,3.13
346,seoul,90,KR,1583762103,50,37.57,126.98,55.4,1.12
347,ahuimanu,75,US,1583762370,60,21.44,-157.84,71.6,8.05
348,buarcos,20,PT,1583762370,55,40.17,-8.88,66.0,14.99
349,anyama,40,CI,1583762370,66,5.49,-4.05,91.4,13.87
350,dingle,22,PH,1583762370,82,11.0,122.67,75.45,3.44
351,cayenne,77,GF,1583762371,58,4.93,-52.33,86.0,16.11
352,paralimni,54,CY,1583762371,73,35.04,33.98,71.6,5.82
353,faanui,14,PF,1583762371,70,-16.48,-151.75,82.47,4.09
354,urengoy,54,RU,1583762371,92,65.97,78.37,-11.49,6.29
355,inza,100,RU,1583762371,99,53.85,46.36,37.47,1.7
356,boyabat,92,TR,1583762372,63,41.47,34.77,60.8,10.29
357,cap-aux-meules,75,CA,1583762372,57,47.38,-61.86,21.2,11.41
358,artesia,1,US,1583762372,57,33.87,-118.08,53.6,5.82
359,asau,75,RO,1583762372,81,46.43,26.4,52.0,6.93
360,sulangan,0,PH,1583762373,71,11.14,123.72,81.57,6.02
361,morondava,59,MG,1583762373,67,-20.28,44.28,84.27,6.08
362,hammerfest,75,NO,1583762373,93,70.66,23.68,37.4,18.34
363,lugus,0,PH,1583762373,74,5.7,120.82,83.37,9.1
364,turkistan,0,KZ,1583762373,33,43.0,68.0,41.61,10.38
365,berlevag,75,NO,1583762374,77,70.86,29.09,35.6,20.8
366,shimoda,100,JP,1583762374,93,34.67,138.95,60.01,20.31
367,evanston,90,US,1583762108,66,42.04,-87.69,48.99,12.75
368,san pedro,40,PH,1583762374,74,14.35,121.02,84.2,6.93
369,vestmannaeyjar,75,IS,1583762374,86,63.44,-20.27,33.8,38.03
370,turukhansk,0,RU,1583762374,80,65.82,87.98,-8.97,5.14
371,padang,100,ID,1583762375,95,-0.95,100.35,70.59,2.35
372,rawson,0,AR,1583762375,65,-43.3,-65.1,65.73,17.36
373,oranjestad,40,AW,1583762367,65,12.52,-70.03,82.4,20.8
374,ginir,99,ET,1583762375,60,7.13,40.7,71.85,4.88
375,fomboni,78,KM,1583762376,70,-12.28,43.74,84.81,6.53
376,mahon,75,ES,1583762376,87,39.89,4.27,51.8,9.17
377,bayan,84,CN,1583762376,82,46.08,127.4,16.05,3.6
378,antofagasta,73,CL,1583762376,60,-23.65,-70.4,73.4,1.12
379,cap malheureux,90,MU,1583762377,88,-19.98,57.61,78.8,14.99
380,surgut,0,RU,1583762185,67,61.25,73.42,17.6,11.18
381,sao miguel do araguaia,72,BR,1583762377,74,-13.28,-50.16,84.99,1.34
382,jurado,7,CO,1583762377,80,7.11,-77.76,77.43,3.22
383,port hardy,20,CA,1583762377,92,50.7,-127.42,26.6,2.24
384,soroti,100,UG,1583762377,70,1.71,33.61,77.25,3.78
385,general pico,46,AR,1583762378,28,-35.66,-63.76,80.13,14.83
386,krutinka,100,RU,1583762378,93,56.01,71.51,29.91,11.45
387,ukiah,75,US,1583762378,75,39.15,-123.21,45.0,2.84
388,puerto madryn,0,AR,1583762333,27,-42.77,-65.04,75.99,19.57
389,punta cardon,100,VE,1583762379,63,11.66,-70.22,82.11,24.34
390,daitari,0,IN,1583762379,59,21.1,85.75,76.53,4.18
391,san luis,9,AR,1583762327,26,-33.3,-66.34,94.89,18.92
392,akureyri,40,IS,1583762380,53,65.68,-18.09,23.0,3.36
393,lantawan,20,PH,1583762380,78,10.62,123.98,80.6,4.7
394,zinder,35,NE,1583762380,5,13.81,8.99,100.4,4.7
395,arica,100,CL,1583762325,64,-18.48,-70.3,73.4,5.82
396,bulgan,28,MN,1583762380,79,48.81,103.53,5.97,5.55
397,samarai,100,PG,1583762381,86,-10.62,150.67,78.51,6.91
398,kuala terengganu,20,MY,1583762381,83,5.33,103.14,82.4,4.25
399,whitecourt,5,CA,1583762359,78,54.15,-115.69,8.6,6.93
400,itaueira,99,BR,1583762381,81,-7.6,-43.03,83.19,5.03
401,zamora,75,EC,1583762382,82,-4.07,-78.96,64.4,3.36
402,qasigiannguit,75,GL,1583762382,46,68.82,-51.19,6.8,4.7
403,ishigaki,4,JP,1583762382,90,24.34,124.16,75.63,11.65
404,porirua,100,NZ,1583762382,82,-41.13,174.85,64.4,18.34
405,yushan,75,CN,1583762383,100,31.38,120.95,53.01,13.42
406,mareeba,75,AU,1583762383,88,-17.0,145.43,80.6,2.24
407,badarpur,0,IN,1583762383,52,24.9,92.6,67.53,4.03
408,labytnangi,100,RU,1583762383,92,66.66,66.42,18.21,6.91
409,nha trang,20,VN,1583762339,88,12.25,109.18,82.4,4.7
410,guangyuan,100,CN,1583762384,52,32.44,105.82,55.0,4.56
411,coquimbo,90,CL,1583762384,93,-29.95,-71.34,60.8,2.24
412,sokoni,40,TZ,1583762384,70,-6.43,39.55,87.8,4.7
413,hagerstown,1,US,1583762271,52,39.64,-77.72,59.0,7.74
414,louga,100,RU,1583762385,77,58.74,29.85,40.35,4.74
415,pontes e lacerda,60,BR,1583762269,48,-15.23,-59.34,91.11,3.38
416,san patricio,100,MX,1583762385,73,19.22,-104.7,76.71,6.87
417,portland,90,US,1583762241,86,45.52,-122.68,34.0,4.7
418,ketchikan,90,US,1583762385,86,55.34,-131.65,37.4,11.41
419,sistranda,75,NO,1583762386,86,63.73,8.83,41.0,20.8
420,nelson bay,40,AU,1583762386,72,-32.72,152.15,69.01,6.93
421,clyde river,1,CA,1583762386,67,70.47,-68.59,-25.6,14.99
422,vanderhoof,44,CA,1583762386,91,54.02,-124.02,13.89,0.94
423,roald,75,NO,1583762386,86,62.58,6.13,41.0,13.87
424,tura,0,IN,1583762387,38,25.52,90.22,68.43,2.44
425,coihaique,20,CL,1583762387,87,-45.58,-72.07,51.8,4.7
426,pangnirtung,90,CA,1583762387,75,66.15,-65.71,-14.8,12.75
427,pundaguitan,30,PH,1583762387,79,6.37,126.17,79.41,5.01
428,marienburg,40,PL,1583762387,70,54.04,19.03,46.99,10.29
429,ahipara,100,NZ,1583762388,100,-35.17,173.17,62.01,13.85
430,gurupi,80,BR,1583762323,67,-11.73,-49.07,84.63,7.05
431,nuevo progreso,70,MX,1583762389,90,23.17,-97.95,69.01,1.99
432,tautira,100,PF,1583762389,83,-17.73,-149.15,78.8,2.24
433,mahibadhoo,6,MV,1583762389,65,3.78,72.97,83.91,7.25
434,dunedin,100,NZ,1583762389,83,-45.87,170.5,57.99,9.28
435,hervey bay,90,AU,1583762389,88,-25.3,152.85,72.0,12.75
436,tiznit,0,MA,1583762390,11,29.58,-9.5,76.17,11.39
437,staryy nadym,0,RU,1583762390,96,65.61,72.68,-3.39,3.06
438,tukums,75,LV,1583762390,52,56.97,23.16,46.4,14.99
439,kitimat,90,CA,1583762390,83,54.05,-128.65,32.0,6.93
440,mandalgovi,0,MN,1583762390,78,45.76,106.27,9.93,9.35
441,arman,100,RU,1583762391,95,59.7,150.17,16.95,10.87
442,vila franca do campo,75,PT,1583762391,88,37.72,-25.43,62.6,9.17
443,khani,0,GE,1583762391,18,41.96,42.96,80.6,25.28
444,arlit,3,NE,1583762391,3,18.74,7.39,97.41,11.99
445,namibe,40,AO,1583762391,74,-15.2,12.15,82.4,11.41
446,filingue,33,NE,1583762392,4,14.35,3.32,102.09,8.46
447,iyo,90,JP,1583762392,87,33.75,132.7,54.0,5.82
448,ordu,82,TR,1583762308,82,40.91,37.68,57.2,9.17
449,tazovskiy,51,RU,1583762392,88,67.47,78.7,-17.07,1.77
450,kashi,100,CN,1583762392,24,39.45,75.98,44.6,4.47
451,leningradskiy,66,RU,1583762393,79,69.38,178.42,-13.65,8.48
452,bayir,75,TR,1583762393,37,37.27,28.22,71.6,17.22
453,sharjah,0,AE,1583762393,53,25.36,55.4,77.0,13.87
454,gat,63,IL,1583762102,21,31.61,34.76,84.2,8.05
455,oktyabrskiy,100,RU,1583762394,96,54.48,53.47,32.97,10.8
456,west wendover,1,US,1583762394,64,40.74,-114.07,37.4,5.12
457,iquique,100,CL,1583762394,69,-20.22,-70.14,73.4,12.75
458,paita,40,PE,1583762394,100,-5.09,-81.11,62.6,14.99
459,livingstone,87,ZM,1583762394,58,-17.84,25.85,79.77,5.59
460,punta alta,35,AR,1583762395,50,-38.88,-62.07,70.95,14.41
461,kisangani,70,CD,1583762395,45,0.52,25.2,90.21,2.55
462,szilvasvarad,23,HU,1583762395,60,48.1,20.4,45.03,2.3
463,port moresby,90,PG,1583762395,94,-9.44,147.18,78.8,5.82
464,vaitape,14,PF,1583762395,70,-16.52,-151.75,82.47,4.09
465,atbasar,94,KZ,1583762404,85,51.8,68.33,21.27,9.98
466,buala,100,SB,1583762405,88,-8.14,159.59,80.31,14.7
467,omsukchan,100,RU,1583762406,96,62.53,155.8,-1.59,6.26
468,narsaq,75,GL,1583762406,42,60.92,-46.05,28.4,1.12
469,reconquista,13,AR,1583762406,20,-29.15,-59.65,97.59,6.64
470,pampa,40,US,1583762177,76,35.54,-100.96,50.0,18.34
471,mihalaseni,20,RO,1583762407,81,47.88,27.07,50.0,4.7
472,grindavik,75,IS,1583762407,80,63.84,-22.43,32.0,21.92
473,lavrentiya,0,RU,1583762408,94,65.58,-171.0,-13.83,1.12
474,lingyuan,19,CN,1583762408,66,41.24,119.4,27.93,2.37
475,mecca,0,SA,1583762409,32,21.43,39.83,84.09,13.18
476,hasanabad,0,IR,1583762409,32,36.55,61.05,55.4,4.7
477,nalut,0,LY,1583762409,21,30.33,10.85,61.95,12.26
478,carutapera,100,BR,1583762409,94,-1.2,-46.02,76.35,4.14
479,brae,40,GB,1583762410,81,60.4,-1.35,46.4,8.05
480,ovsyanka,40,RU,1583762410,73,55.96,92.55,26.6,13.42
481,henties bay,0,NA,1583762411,85,-22.12,14.28,66.99,5.01
482,camopi,64,GF,1583762411,55,3.17,-52.32,83.19,5.35
483,ransang,0,PH,1583762411,76,8.96,117.58,80.85,1.32
484,guerrero negro,100,MX,1583762411,61,27.98,-114.06,59.07,2.68
485,klaksvik,100,FO,1583762412,74,62.23,-6.59,37.4,6.93
486,makubetsu,100,JP,1583762412,92,45.37,141.82,34.23,9.37
487,tocopilla,100,CL,1583762412,35,-22.09,-70.2,74.73,6.17
488,astoria,1,US,1583762412,64,46.19,-123.83,37.99,3.36
489,kalininskaya,82,RU,1583762413,24,45.48,38.66,78.8,11.18
490,amahai,43,ID,1583762413,76,-3.33,128.92,82.29,3.67
491,hadejia,17,NG,1583762413,5,12.45,10.04,102.27,7.72
492,gourdon,98,FR,1583762402,90,44.75,1.5,53.01,1.01
493,tezu,3,IN,1583762413,71,27.92,96.17,62.13,4.14
494,bara,0,NG,1583762414,5,10.37,10.73,102.45,6.31
495,zhanaozen,39,KZ,1583762414,22,43.3,52.8,46.65,9.1
496,mumford,95,GH,1583762414,52,5.26,-0.76,91.65,8.66
497,hibbing,90,US,1583762414,73,47.43,-92.94,24.8,6.93
498,sorland,75,NO,1583762415,80,67.67,12.69,41.0,26.4
499,kandrian,100,PG,1583762415,94,-6.22,149.55,75.99,6.29
500,north bend,40,US,1583762415,100,43.41,-124.22,39.0,6.93
501,acheng,100,CN,1583762416,79,45.55,126.98,23.0,2.24
502,ormara,0,PK,1583762416,64,25.21,64.64,72.75,11.5
503,rionero in vulture,80,IT,1583762416,35,40.93,15.67,55.4,5.82
504,talara,40,PE,1583762416,100,-4.58,-81.27,62.6,14.99
505,houston,90,US,1583762401,88,29.76,-95.36,66.0,8.05
506,kuytun,100,RU,1583762417,81,54.34,101.5,19.65,6.24
507,saint-francois,75,FR,1583762417,57,46.42,3.91,51.8,12.75
508,ouidah,40,BJ,1583762417,70,6.36,2.09,89.6,12.75
509,mariinskiy posad,0,RU,1583762418,86,56.12,47.72,37.4,8.95
510,ambon,40,ID,1583762418,94,-3.7,128.18,80.6,8.05
511,baracoa,100,CU,1583762418,75,20.35,-74.5,74.73,26.89
512,trinidad,40,BO,1583762418,79,-14.83,-64.9,86.0,6.93
513,talca,24,CL,1583762419,48,-35.43,-71.67,77.0,5.82
514,te anau,100,NZ,1583762419,87,-45.42,167.72,53.85,0.22
515,vermilion,75,US,1583762419,61,40.17,-87.75,54.0,9.17
516,gerash,20,IR,1583762420,33,27.67,54.14,71.6,13.62
517,constantine,40,DZ,1583762214,47,36.37,6.61,59.0,14.99
518,matagami,90,CA,1583762420,84,49.75,-77.63,5.0,6.93
519,willmar,90,US,1583762421,85,45.12,-95.04,30.2,13.87
520,araouane,99,ML,1583762421,6,18.9,-3.53,91.47,15.23
521,oussouye,73,SN,1583762421,32,12.48,-16.55,95.0,4.7
522,namatanai,100,PG,1583762421,85,-3.67,152.43,79.59,4.05
523,lundazi,87,ZM,1583762422,82,-12.29,33.18,75.63,4.14
524,tiarei,100,PF,1583762422,83,-17.53,-149.33,78.8,2.24
525,houma,1,US,1583762202,82,29.6,-90.72,66.99,8.05
526,diamantino,100,BR,1583762422,61,-14.41,-56.45,86.43,3.29
527,salinas,1,US,1583762422,87,36.68,-121.66,50.0,6.33
528,sinnamary,67,GF,1583762423,70,5.38,-52.95,80.49,15.52
529,yar-sale,61,RU,1583762423,94,66.83,70.83,3.27,8.41
530,nabire,100,ID,1583762423,98,-3.37,135.48,72.75,1.72
531,yabrud,40,SY,1583762423,30,33.97,36.66,71.6,8.05
532,port lincoln,100,AU,1583762424,79,-34.73,135.87,62.13,12.71
533,patrocinio,97,BR,1583762195,70,-18.94,-46.99,81.0,1.01
534,faya,40,SA,1583762424,38,18.39,42.45,73.4,12.75
535,milove,100,UA,1583762425,57,49.38,40.13,59.61,5.5
536,bastia,75,FR,1583762425,62,42.67,9.33,59.0,10.29
537,hue,20,VN,1583762425,83,16.47,107.6,82.4,2.24
538,mbandaka,98,CD,1583762425,46,0.05,18.26,91.83,2.95
539,manzanillo,27,CU,1583762426,50,20.34,-77.12,80.13,18.03
540,ulaangom,100,MN,1583762426,98,49.98,92.07,-3.21,1.63
541,kudowa-zdroj,100,PL,1583762426,78,50.44,16.24,51.01,2.24
542,kalemie,63,CD,1583762426,93,-5.95,29.19,72.57,6.24
